Protein,Position,Pred(1*),Pred(2*),Pred(3*)
P01628,22,1,0,0
P01628,92,0,0,0
P03976,22,0,0,0
P03976,92,0,0,0
P01634,22,0,0,0
P01634,51,1,1,1
P01634,116,0,0,0
P01638,19,0,0,0
P01638,42,0,0,0
P01638,107,0,0,0
P01641,21,0,0,0
P01641,44,1,1,1
P01641,109,0,0,0
P01643,22,1,0,0
P01643,87,0,0,0
P01649,22,0,0,0
P01649,87,0,0,0
P01652,22,0,0,0
P01652,87,0,0,0
P01676,22,0,0,0
P01676,86,0,0,0
P01678,22,0,0,0
P01678,86,0,0,0
P04940,22,0,0,0
P04940,86,0,0,0
P04943,22,0,0,0
P04943,86,0,0,0
Q3TJ91,85,0,0,0
Q3TJ91,169,0,0,0
Q3TJ91,242,0,0,0
Q3TJ91,247,0,0,0
Q3TJ91,254,1,1,1
Q3TJ91,279,0,0,0
Q3TJ91,313,0,0,0
Q3TJ91,383,0,0,0
Q3TJ91,388,0,0,0
Q3TJ91,455,1,1,0
Q3TJ91,512,0,0,0
Q3TJ91,571,0,0,0
Q3TJ91,584,0,0,0
Q3TJ91,625,0,0,0
Q3TJ91,731,0,0,0
Q3TJ91,855,0,0,0
Q3TJ91,890,0,0,0
Q3TJ91,902,0,0,0
Q3TJ91,934,1,1,1
Q3TJ91,1018,1,1,1
Q9EP89,151,1,1,1
Q9EP89,278,1,1,1
Q9EP89,479,1,1,0
Q9EP89,526,1,1,1
Q9WUN8,42,0,0,0
Q9WUN8,153,1,1,1
Q9WUN8,161,1,1,1
Q7TNC4,35,0,0,0
Q7TNC4,42,1,1,0
Q7TNC4,43,1,1,1
Q7TNC4,58,1,0,0
Q7TNC4,96,1,1,0
Q7TNC4,189,0,0,0
Q7TNC4,192,0,0,0
Q5SUF2,34,0,0,0
Q5SUF2,39,0,0,0
Q5SUF2,42,1,1,1
Q5SUF2,57,0,0,0
Q5SUF2,191,1,0,0
Q5SUF2,194,1,0,0
Q5SUF2,307,1,1,1
Q7TNG8,18,1,1,1
Q7TNG8,62,1,0,0
Q7TNG8,84,1,1,1
Q7TNG8,105,0,0,0
Q7TNG8,112,0,0,0
Q7TNG8,164,0,0,0
Q7TNG8,250,0,0,0
Q7TNG8,286,0,0,0
Q7TNG8,294,1,0,0
Q7TNG8,368,0,0,0
Q7TNG8,405,1,1,1
Q7TNG8,438,1,1,1
Q7TPY9,19,0,0,0
Q7TPY9,34,1,1,0
Q7TPY9,44,1,1,0
Q7TPY9,48,1,1,1
Q7TPY9,82,0,0,0
P97400,45,0,0,0
O54974,38,1,1,1
P57785,6,1,1,0
P57785,252,1,0,0
P57785,264,1,1,0
P57785,265,1,1,1
P57785,294,0,0,0
P57785,298,1,1,1
P57785,317,0,0,0
P57785,352,1,1,1
P57785,354,0,0,0
Q07797,48,1,0,0
Q07797,61,0,0,0
Q07797,92,0,0,0
Q07797,102,1,1,1
Q07797,112,0,0,0
Q07797,122,0,0,0
Q07797,152,0,0,0
Q07797,169,0,0,0
Q07797,200,0,0,0
Q07797,225,1,1,1
Q07797,242,0,0,0
Q07797,278,0,0,0
Q07797,480,0,0,0
Q07797,487,0,0,0
Q07797,517,0,0,0
Q07797,552,0,0,0
Q9Z1P4,4,1,0,0
Q9Z1P4,33,0,0,0
Q9Z1P4,37,1,1,1
Q9Z1P4,39,1,1,1
Q9Z1P4,51,0,0,0
Q9Z1P4,89,1,1,1
Q9Z1P4,156,0,0,0
Q9Z1P4,228,0,0,0
Q9Z1P4,347,0,0,0
Q9Z1P4,372,0,0,0
Q9Z1P4,478,1,1,1
Q9Z1P4,479,1,1,1
Q9Z1P4,484,1,1,0
Q9Z1P4,540,0,0,0
Q9Z1P4,550,0,0,0
Q9Z1P4,573,0,0,0
Q9Z1P4,636,0,0,0
Q9Z1P4,667,0,0,0
Q9Z1P4,687,0,0,0
Q9Z1P4,711,0,0,0
Q9Z1P4,735,0,0,0
Q9Z1P4,748,0,0,0
Q9Z1P4,761,0,0,0
Q9Z1P4,775,0,0,0
Q9Z1P4,779,0,0,0
Q9Z1P4,813,0,0,0
Q9Z1P4,861,0,0,0
Q9Z1P4,895,0,0,0
Q9Z1P4,905,1,1,1
Q3UVD5,12,1,0,0
Q3UVD5,16,1,1,0
Q3UVD5,34,1,1,0
Q3UVD5,38,1,1,1
Q3UVD5,40,0,0,0
Q3UVD5,51,0,0,0
Q3UVD5,347,1,0,0
Q3UVD5,372,1,1,1
Q3UVD5,478,0,0,0
Q3UVD5,479,1,1,1
Q3UVD5,484,1,1,1
Q3UVD5,544,0,0,0
Q3UVD5,554,0,0,0
Q3UVD5,577,0,0,0
Q3UVD5,614,0,0,0
Q3UVD5,641,0,0,0
Q3UVD5,666,0,0,0
Q3UVD5,672,0,0,0
Q3UVD5,692,0,0,0
Q3UVD5,716,1,1,1
Q3UVD5,742,0,0,0
Q3UVD5,755,1,1,1
Q3UVD5,768,0,0,0
Q3UVD5,786,0,0,0
Q3UVD5,820,0,0,0
Q3UVD5,863,0,0,0
Q3UVD5,947,0,0,0
Q80SV1,49,0,0,0
Q80SV1,66,0,0,0
Q80SV1,83,0,0,0
Q80SV1,91,0,0,0
Q80SV1,105,0,0,0
Q80SV1,106,1,1,0
Q80SV1,118,1,1,1
Q80SV1,134,0,0,0
Q80SV1,150,0,0,0
Q80SV1,162,0,0,0
Q80SV1,170,0,0,0
Q80SV1,182,1,1,1
Q80SV1,187,1,1,1
Q80SV1,216,1,1,1
Q8BM86,6,1,1,1
Q8BM86,23,0,0,0
Q8BM86,49,0,0,0
Q8BM86,67,0,0,0
Q8BM86,84,0,0,0
Q8BM86,92,1,1,1
Q8BM86,106,0,0,0
Q8BM86,107,1,0,0
Q8BM86,135,0,0,0
Q8BM86,151,0,0,0
Q8BM86,163,1,0,0
Q8BM86,171,0,0,0
Q8BM86,183,1,1,1
Q8BM86,188,1,1,1
P50481,8,1,1,1
P50481,22,1,1,0
P50481,33,0,0,0
P50481,36,1,1,0
P50481,57,0,0,0
P50481,60,1,1,1
P50481,63,1,1,1
P50481,71,1,1,1
P50481,80,0,0,0
P50481,92,1,1,0
P50481,95,1,1,1
P50481,117,0,0,0
P50481,120,1,1,1
P50481,123,0,0,0
P50481,143,1,1,1
Q6GQU6,2,1,0,0
Q6GQU6,23,1,0,0
Q6GQU6,27,0,0,0
Q6GQU6,29,0,0,0
Q6GQU6,38,1,1,1
Q6GQU6,66,0,0,0
Q6GQU6,182,0,0,0
Q6GQU6,272,0,0,0
Q6GQU6,354,1,1,1
Q6GQU6,356,1,1,1
Q6GQU6,377,1,1,0
Q6GQU6,402,1,1,1
Q6GQU6,427,0,0,0
Q6GQU6,478,0,0,0
Q6GQU6,531,0,0,0
Q6GQU6,541,1,1,1
Q149C3,30,0,0,0
Q149C3,34,0,0,0
Q149C3,36,1,1,1
Q149C3,45,1,0,0
Q149C3,189,0,0,0
Q149C3,261,0,0,0
Q149C3,310,0,0,0
Q149C3,361,1,1,1
Q149C3,363,1,0,0
Q149C3,384,1,1,1
Q149C3,409,1,1,1
Q149C3,434,0,0,0
Q149C3,483,0,0,0
Q149C3,549,0,0,0
